﻿id,spanish,english,image_path,gender
1,café,coffee,:/png/png/cafe.png,m
2,té,tea,:/png/png/te.png,m
3,postre,dessert,:/png/png/postre.png,m
4,taco,taco,:/png/png/taco.png,m
5,paella,seafood paella,:/png/png/paella.png,f
6,helado,ice cream,:/png/png/helado.png,m
7,menú,menu,:/png/png/menu.png,m
8,orden,order,:/png/png/orden.png,m
9,dinero,cash,:/png/png/dinero.png,m
10,por favor,please,:/png/png/porfavor.png,nan
11,gracias,thank you,:/png/png/gracias.png,nan
12,hola,hello,:/png/png/hola.png,nan
