﻿id,spanish,english,yo,tú,él/ella/usted,nosotros,vosotros,ellos/ellas/ustedes
1,querer,want,quiero,quieres,quiere,queremos,queréis,quieren
2,gustar,like,gusto,gustas,gusta,gustamos,gustáis,gustan
3,comer,eat,como,comes,come,comemos,coméis,comen
4,beber,drink,bebo,bebes,bebe,bebemos,bebéis,beben
5,ser,be,soy,eres,es,somos,sois,son
6,tener,have,tengo,tienes,tiene,tenemos,tenéis,tienen
7,costar,cost,cuesto,cuestas,cuesta,costamos,costáis,cuestan
8,poder,can,puedo,puedes,puede,podemos,podéis,pueden
